{
  "scopes": [
    {
      "name": "$XSAPPNAME.StudentAdmin",
      "description": "StudentAdmin"
    },
    {
      "name": "$XSAPPNAME.StudentRead",
      "description": "StudentRead"
    }
  ],
  "attributes": [],
  "role-templates": [
    {
      "name": "StudentAdmin",
      "description": "generated",
      "scope-references": [
        "$XSAPPNAME.StudentAdmin"
      ],
      "attribute-references": []
    },
    {
      "name": "StudentRead",
      "description": "generated",
      "scope-references": [
        "$XSAPPNAME.StudentRead"
      ],
      "attribute-references": []
    }
  ]
}
